question_id,quiz_id,question_text,topic,correct_answer
Q001_Q1,Q001,What is question 1 of Q001?,Algebra,B
Q001_Q2,Q001,What is question 2 of Q001?,Algebra,C
Q001_Q3,Q001,What is question 3 of Q001?,Algebra,D
Q001_Q4,Q001,What is question 4 of Q001?,Algebra,C
Q001_Q5,Q001,What is question 5 of Q001?,Algebra,D
Q001_Q6,Q001,What is question 6 of Q001?,Algebra,D
Q002_Q1,Q002,What is question 1 of Q002?,Calculus,A
Q002_Q2,Q002,What is question 2 of Q002?,Calculus,C
Q002_Q3,Q002,What is question 3 of Q002?,Calculus,A
Q002_Q4,Q002,What is question 4 of Q002?,Calculus,C
Q002_Q5,Q002,What is question 5 of Q002?,Calculus,C
Q002_Q6,Q002,What is question 6 of Q002?,Calculus,A
Q003_Q1,Q003,What is question 1 of Q003?,Statistics,A
Q003_Q2,Q003,What is question 2 of Q003?,Statistics,C
Q003_Q3,Q003,What is question 3 of Q003?,Statistics,B
Q003_Q4,Q003,What is question 4 of Q003?,Statistics,D
Q003_Q5,Q003,What is question 5 of Q003?,Statistics,A
Q003_Q6,Q003,What is question 6 of Q003?,Statistics,D
Q004_Q1,Q004,What is question 1 of Q004?,Geometry,B
Q004_Q2,Q004,What is question 2 of Q004?,Geometry,B
Q004_Q3,Q004,What is question 3 of Q004?,Geometry,B
Q004_Q4,Q004,What is question 4 of Q004?,Geometry,A
Q004_Q5,Q004,What is question 5 of Q004?,Geometry,B
Q004_Q6,Q004,What is question 6 of Q004?,Geometry,A
Q005_Q1,Q005,What is question 1 of Q005?,Trigonometry,B
Q005_Q2,Q005,What is question 2 of Q005?,Trigonometry,D
Q005_Q3,Q005,What is question 3 of Q005?,Trigonometry,D
Q005_Q4,Q005,What is question 4 of Q005?,Trigonometry,C
Q005_Q5,Q005,What is question 5 of Q005?,Trigonometry,D
Q005_Q6,Q005,What is question 6 of Q005?,Trigonometry,C
Q006_Q1,Q006,What is question 1 of Q006?,Algebra,D
Q006_Q2,Q006,What is question 2 of Q006?,Algebra,A
Q006_Q3,Q006,What is question 3 of Q006?,Algebra,D
Q006_Q4,Q006,What is question 4 of Q006?,Algebra,C
Q006_Q5,Q006,What is question 5 of Q006?,Algebra,C
Q006_Q6,Q006,What is question 6 of Q006?,Algebra,B
Q007_Q1,Q007,What is question 1 of Q007?,Calculus,A
Q007_Q2,Q007,What is question 2 of Q007?,Calculus,D
Q007_Q3,Q007,What is question 3 of Q007?,Calculus,B
Q007_Q4,Q007,What is question 4 of Q007?,Calculus,D
Q007_Q5,Q007,What is question 5 of Q007?,Calculus,D
Q007_Q6,Q007,What is question 6 of Q007?,Calculus,B
Q008_Q1,Q008,What is question 1 of Q008?,Statistics,B
Q008_Q2,Q008,What is question 2 of Q008?,Statistics,B
Q008_Q3,Q008,What is question 3 of Q008?,Statistics,B
Q008_Q4,Q008,What is question 4 of Q008?,Statistics,B
Q008_Q5,Q008,What is question 5 of Q008?,Statistics,D
Q008_Q6,Q008,What is question 6 of Q008?,Statistics,B
Q009_Q1,Q009,What is question 1 of Q009?,Geometry,A
Q009_Q2,Q009,What is question 2 of Q009?,Geometry,C
Q009_Q3,Q009,What is question 3 of Q009?,Geometry,B
Q009_Q4,Q009,What is question 4 of Q009?,Geometry,B
Q009_Q5,Q009,What is question 5 of Q009?,Geometry,D
Q009_Q6,Q009,What is question 6 of Q009?,Geometry,B
Q010_Q1,Q010,What is question 1 of Q010?,Trigonometry,B
Q010_Q2,Q010,What is question 2 of Q010?,Trigonometry,B
Q010_Q3,Q010,What is question 3 of Q010?,Trigonometry,D
Q010_Q4,Q010,What is question 4 of Q010?,Trigonometry,B
Q010_Q5,Q010,What is question 5 of Q010?,Trigonometry,C
Q010_Q6,Q010,What is question 6 of Q010?,Trigonometry,D
